24ad.jpg,pushups_0,115.83178,84.77824,-274.83978,119.78273,78.58373,-273.6167,122.07024,78.50734,-273.65011,124.39275,78.43081,-273.64349,113.52472,78.04514,-272.56178,111.34237,77.54926,-272.54461,109.14899,77.09094,-272.548,128.26372,78.35069,-233.32761,106.78632,76.28165,-228.25964,119.83139,88.28185,-256.9948,112.07466,87.49911,-255.51154,139.15963,96.09076,-190.84713,95.43913,92.73213,-188.91537,136.65267,132.45657,-190.26206,99.06978,129.29886,-198.90913,131.96776,166.78051,-213.63948,104.5091,163.88912,-231.50981,134.22609,174.99945,-234.11954,103.1523,171.94669,-252.60965,128.36184,174.98242,-240.91096,108.31974,171.89799,-259.43336,125.99662,171.35634,-217.55454,110.10499,168.62924,-236.04866,126.24074,123.31133,-1.04361,108.82993,121.92039,1.09955,125.65434,144.00849,125.69202,109.14336,141.77458,126.48319,125.11752,155.37442,258.71388,111.17136,150.88769,268.83035,124.33574,153.88746,272.06762,111.98945,149.50486,283.3385,124.53011,169.36069,237.30829,111.32974,164.70979,250.91936
25ad.jpg,pushups_0,115.62123,85.51227,-269.00917,119.35209,79.03806,-268.37159,121.63688,78.89137,-268.40756,123.95603,78.74718,-268.40556,113.0401,78.57664,-267.44842,110.82154,78.07549,-267.44599,108.59595,77.61385,-267.44337,127.78391,78.11824,-229.77589,106.14783,76.32791,-224.99129,119.66269,88.72331,-251.66819,112.02513,88.08914,-250.27895,139.29837,95.00734,-186.05543,95.71167,91.49169,-184.35654,135.76037,132.3612,-184.23924,99.94013,129.24925,-192.24049,130.6619,167.56436,-205.45767,105.12534,163.9825,-224.3763,132.99935,175.55244,-224.40928,103.7137,171.88599,-244.7511,127.6341,175.61569,-231.50623,108.80959,171.76346,-251.43328,125.14308,172.07701,-209.43558,110.7596,168.51476,-228.82259,126.87631,120.88326,-0.65297,109.37298,119.21579,0.68583,126.73496,141.33628,122.77588,108.8668,139.87873,118.23596,125.43438,152.80813,255.53183,110.39404,149.10153,253.27554,124.65397,151.44837,269.00389,111.43594,147.76385,267.33795,124.35721,166.49872,236.76886,109.69262,163.04364,236.09582
26ad.jpg,pushups_0,117.19705,85.47686,-281.90437,120.7396,79.04665,-280.85484,123.05825,78.91798,-280.88058,125.40344,78.79017,-280.85022,114.28619,78.54286,-279.95602,111.97032,78.03371,-279.95896,109.65225,77.56482,-279.96259,128.93702,78.26786,-239.74434,106.73818,76.41535,-234.88113,121.12241,88.76463,-263.56953,113.24518,88.08145,-262.19666,140.18039,94.63466,-193.36071,95.83001,91.25517,-190.55782,136.60545,131.20806,-188.20188,99.66003,128.75802,-196.9032,131.67375,165.75735,-209.97192,104.76827,163.2146,-229.09064,134.32169,173.71909,-229.66627,103.05821,171.14922,-249.5055,129.154,174.07488,-237.50805,108.04477,171.43188,-257.11085,126.43747,170.56555,-214.23683,110.06128,167.98949,-233.78249,127.50209,118.30797,-1.5778,108.94044,116.36973,1.64128,126.05931,143.91172,120.74805,109.03721,139.20301,119.79185,125.71979,153.27161,266.31389,110.52893,150.23049,263.06669,124.91306,151.148,281.28644,111.55656,149.32967,278.00682,124.83008,167.79,252.9401,109.21443,164.32846,247.58049
27ad.jpg,pushups_0,119.886,91.1707,-269.83157,123.89134,85.78531,-267.48698,126.17699,85.73636,-267.4995,128.50326,85.68443,-267.4775,117.64935,85.19942,-266.30001,115.5182,84.69343,-266.28452,113.38043,84.23527,-266.27977,132.7285,85.04172,-223.17934,111.40862,82.92807,-219.09981,124.10443,94.36197,-251.02892,116.60109,93.5168,-249.8047,145.39828,100.40107,-170.5243,99.67488,97.94575,-176.55205,155.29036,131.63638,-157.22278,90.27014,131.2745,-175.4714,166.64142,161.42082,-169.30321,77.80406,162.34079,-198.72885,172.78573,166.51819,-178.90475,71.76045,167.33755,-209.3246,171.05557,167.76311,-190.16503,73.96433,168.59235,-221.42343,166.36207,166.75247,-174.55203,78.53728,167.13206,-204.9336,130.08283,131.15005,4.39893,109.86151,128.33852,-4.17951,125.75353,147.81042,150.25148,111.19568,142.70291,123.95094,122.87329,152.79609,296.1613,114.25737,149.71277,265.38447,122.26821,151.89735,310.26846,114.6803,148.70614,279.79062,122.58104,164.41255,285.5413,114.63116,162.86287,254.91208
28ad.jpg,pushups_0,119.12728,90.87609,-266.57961,123.35951,85.22254,-264.97886,125.73148,85.18052,-264.98032,128.14717,85.13405,-264.95474,116.86904,84.54605,-263.66745,114.65708,83.96686,-263.65477,112.43952,83.43821,-263.65119,132.53792,84.32378,-222.41984,110.34796,81.83329,-217.19874,123.38411,94.20383,-248.21537,115.69207,93.24,-246.66121,145.46409,100.15622,-168.754,98.39664,97.40071,-172.13549,154.57941,132.42565,-153.34941,89.7784,131.85027,-167.4027,165.77904,162.25333,-163.72974,77.95269,162.27505,-191.70846,171.95563,167.19477,-172.92499,72.04742,166.98287,-201.99027,170.11827,168.53276,-183.88214,74.39236,168.40129,-214.3227,165.37822,167.53032,-168.7917,79.14965,167.1129,-197.90994,129.89566,130.67668,2.94807,109.31993,128.03427,-2.78543,125.61879,147.50416,147.53586,110.71526,142.95511,123.92402,123.6244,153.52334,293.58554,114.18815,150.69585,265.87666,122.90841,152.58654,307.9408,115.00791,149.42982,280.58888,123.62497,166.09203,282.27314,114.26316,165.1424,256.32728
29ad.jpg,pushups_0,119.06864,93.18593,-265.82865,123.11083,87.57387,-264.12826,125.47155,87.52165,-264.12546,127.86744,87.46414,-264.09953,116.70206,86.91186,-262.84305,114.46274,86.32607,-262.82479,112.22041,85.79373,-262.81715,132.03536,86.54413,-221.90026,109.88424,84.11706,-216.70523,123.24592,96.15869,-247.62452,115.51013,95.20122,-246.10048,144.1368,100.8216,-170.59874,97.39322,97.75627,-174.18614,152.90194,131.6547,-159.36074,88.9624,131.20448,-173.38644,165.13123,162.39083,-173.92469,78.32952,162.5283,-199.73071,171.32448,167.5741,-184.08825,72.72876,167.49214,-210.47655,169.70698,169.29227,-195.54142,74.80486,169.52493,-223.78329,164.82101,168.15562,-179.21982,79.51765,168.06108,-206.39536,128.56119,128.31931,3.08602,108.12203,125.32528,-2.91853,125.32231,147.33408,141.85331,109.45767,140.41102,121.44345,121.93438,154.84238,288.67801,113.13359,149.16327,271.05726,120.69517,153.73853,303.13636,114.0682,147.76812,286.23248,122.9718,169.50687,278.80614,114.132,165.284,264.42701
32.jpg,pushups_0,122.46145,96.82372,-242.22445,125.31687,92.03756,-239.99965,127.1761,91.98648,-240.00926,129.06705,91.93143,-239.98595,120.37844,91.67615,-238.70351,118.61947,91.32218,-238.67873,116.85693,91.00737,-238.66306,132.37639,91.77103,-201.58724,115.29012,90.36395,-195.53992,126.06361,99.53473,-225.82119,119.71825,98.97738,-224.03936,143.83391,105.5129,-162.41354,105.06069,103.13243,-156.74866,150.40866,132.19152,-158.41866,99.86863,132.24972,-156.05774,155.75765,158.64431,-175.49276,93.42046,158.61728,-176.23883,159.43713,164.27591,-189.25329,89.98654,163.62242,-187.96476,157.54928,165.63099,-198.43325,91.38729,165.25334,-199.99976,154.22911,164.0354,-180.08921,94.65928,163.66958,-182.30754,130.09024,131.94018,-1.40732,112.95903,130.09634,1.5977,128.56512,146.05078,114.2926,111.6581,145.40038,112.47622,126.50587,151.23062,255.09286,114.45116,149.37947,263.3539,126.05155,150.51622,268.83801,115.48061,148.01841,278.50947,126.45555,162.85909,247.15062,113.80749,162.54867,259.89383
33.jpg,pushups_0,122.4402,94.91341,-242.95194,125.40012,90.17882,-240.57867,127.2802,90.17837,-240.58997,129.19663,90.1763,-240.57232,120.34972,89.70071,-239.47509,118.54565,89.3091,-239.4556,116.73829,88.95652,-239.44121,132.26892,90.31073,-201.6456,114.89701,88.53424,-196.99331,125.8826,97.9112,-226.4133,119.35508,97.20969,-225.04261,143.0682,104.82187,-160.78886,104.08185,102.88693,-159.50187,149.26404,131.95096,-153.55979,99.08709,132.48196,-159.98245,155.24215,157.99853,-169.94158,93.2562,158.5396,-182.06207,158.97152,163.48542,-183.27588,89.83019,163.30343,-194.32936,157.09799,164.71246,-192.06016,91.66942,164.76653,-205.1604,153.85006,163.19145,-174.4041,94.82403,163.24622,-187.67584,130.1659,130.82589,0.02401,113.10529,129.21739,0.17622,128.61441,145.28843,123.86494,112.25055,144.28133,116.35067,126.34365,150.02792,263.23919,114.47259,147.72179,267.40786,125.76496,149.0532,276.97787,115.14637,146.08065,282.7689,126.71916,161.27257,256.07323,114.70182,160.6737,266.18102
34.jpg,pushups_0,122.8124,95.61858,-251.2403,125.85001,91.01608,-248.6184,127.69274,91.00488,-248.62633,129.57192,90.98797,-248.59958,120.84917,90.53839,-247.37469,119.11856,90.14184,-247.35295,117.37962,89.78626,-247.34865,133.00786,90.92812,-208.75777,115.8348,89.09918,-202.40948,126.31039,98.44313,-234.39508,120.04806,97.76423,-232.52188,144.87206,105.67079,-168.38534,104.75803,102.33609,-162.07613,150.55863,133.3024,-166.33151,99.81769,132.39461,-162.12812,155.38041,159.26443,-186.59352,93.63666,159.4834,-182.15003,158.96595,164.34996,-201.62668,90.30565,164.17712,-193.56873,156.90762,165.44408,-210.66999,91.9085,165.90629,-205.42212,153.73416,163.99301,-191.30057,95.06931,164.51375,-188.02592,130.6876,130.52475,-2.57966,113.14689,128.56167,2.73126,128.47875,145.06102,118.38475,112.00473,144.21378,117.52018,126.54647,150.54435,263.7114,114.85635,148.13889,274.57673,126.27923,149.45524,277.91021,116.0185,146.33299,290.47631,125.74286,162.45125,252.03519,114.32511,161.5344,269.46991
35.jpg,pushups_0,121.80663,95.99348,-215.32756,125.26078,91.11725,-214.33512,127.19025,91.14512,-214.35023,129.1566,91.16858,-214.34433,120.09388,90.47682,-212.95989,118.30954,89.99592,-212.94618,116.52185,89.54847,-212.92461,132.73742,90.88252,-180.59439,114.94387,88.53058,-175.02753,125.35764,98.89803,-200.51403,118.8854,97.97516,-198.79575,144.19944,104.91932,-143.6486,104.05563,102.07654,-140.99717,150.57672,132.90283,-136.35452,99.32117,131.93772,-139.48078,156.38568,160.03111,-147.8278,93.10463,158.09139,-160.09453,160.4588,165.32025,-158.88165,89.62315,162.92711,-171.65032,158.0547,166.44878,-167.2164,91.55981,164.09785,-181.29872,154.53509,164.98586,-151.9518,94.97464,162.53061,-165.20359,130.74937,133.74235,0.03436,113.38063,131.78714,0.13024,129.05808,147.80329,117.38116,112.80732,144.23019,105.46417,126.4559,151.53001,245.40701,115.47295,148.91557,237.27926,126.0396,150.43901,258.0509,116.67021,147.71848,250.52002,125.21173,162.2218,238.69337,113.93481,160.65624,233.60206
36.jpg,pushups_0,121.41419,98.05009,-213.10034,124.57061,93.16927,-212.55436,126.38018,93.1193,-212.56911,128.23229,93.06798,-212.56778,119.66422,92.68918,-211.00783,117.97521,92.24218,-210.99428,116.28227,91.82987,-210.97301,131.61993,92.16538,-179.7049,114.81228,90.34181,-173.75259,124.81813,100.45122,-198.48287,118.78213,99.73157,-196.66473,143.97075,104.53478,-143.57355,103.97655,102.78367,-138.74571,151.27304,132.25444,-134.27116,99.22941,132.08556,-135.04083,156.70902,159.39038,-143.50853,93.24261,158.61693,-155.42103,160.60779,164.78682,-153.57303,89.85516,163.81658,-165.72425,158.10256,165.99994,-161.46076,91.68345,164.79915,-175.36068,154.73351,164.51724,-147.234,95.09807,163.04021,-160.4129,131.1051,133.48462,-0.3597,113.5658,131.91764,0.53935,129.10804,148.37019,115.27823,113.05144,144.75685,105.78767,126.3495,150.74106,246.24769,115.18803,149.68152,235.25436,125.96527,149.37019,259.29691,116.08617,148.50452,248.48331,124.73079,160.76245,239.964,114.36346,161.20288,229.95907
37.jpg,pushups_0,120.53149,101.26822,-241.29623,123.80035,96.97126,-240.01286,125.58516,96.8383,-240.01682,127.42078,96.69263,-239.98912,118.51781,96.70203,-238.22281,116.86356,96.33624,-238.20727,115.19692,96.00679,-238.1834,131.25081,95.72465,-202.88791,113.51835,94.67409,-194.39719,123.92764,103.83824,-225.50521,118.24603,103.37116,-222.88578,143.82982,108.34301,-161.27811,103.15391,107.59344,-152.69757,154.85601,135.34939,-161.80185,93.06152,135.47753,-155.69123,166.52557,161.14562,-171.9222,80.89478,160.14109,-175.2464,172.18936,163.98493,-180.92251,75.31881,162.91075,-183.28796,169.30505,164.64618,-189.24169,78.2182,163.32218,-191.54504,165.70238,164.73285,-175.72386,81.83155,163.05477,-179.36878,131.5379,134.27554,-3.07829,114.02529,132.90964,3.13194,130.07003,148.80458,114.40219,115.00297,143.74022,114.83239,127.75485,154.06383,244.97509,117.60826,151.4285,241.01807,127.1998,153.08138,257.70691,118.75296,151.04573,253.63408,127.01662,163.22382,226.82041,117.1448,161.12028,224.27595
38.jpg,pushups_0,123.0945,96.84284,-245.88181,126.3172,92.39232,-244.07597,128.18299,92.35211,-244.08382,130.08654,92.30536,-244.05872,121.25257,91.96869,-241.81363,119.53977,91.58678,-241.79568,117.81792,91.24125,-241.77485,133.77773,92.1672,-206.79449,116.40871,90.62121,-196.98065,126.73414,99.69906,-230.10406,120.54644,99.04622,-227.14341,144.55331,105.78506,-166.49891,106.36419,103.24665,-156.69806,151.78592,133.43893,-167.15919,98.959,132.35773,-161.89451,160.1616,159.86349,-181.42766,90.24069,158.04643,-189.0863,164.91584,164.14717,-194.16278,85.60504,162.31361,-202.22686,162.48112,165.13031,-202.43202,88.36022,162.92771,-211.36469,158.9423,164.21902,-185.61319,91.6662,161.58447,-194.27051,130.88641,130.50682,-2.1618,114.39262,127.98017,2.31142,128.78779,145.59092,125.05031,114.64577,140.65215,116.42233,127.65953,150.16689,265.50338,118.09543,147.794,255.84465,127.40896,149.10833,279.07442,119.72357,147.08522,269.56425,127.14288,161.07136,251.32087,115.51744,159.65654,244.02684
39.jpg,pushups_0,123.31254,97.5655,-216.01715,126.15975,92.53203,-214.4944,127.99629,92.47688,-214.50838,129.85698,92.41027,-214.4948,121.24598,92.06912,-213.68735,119.49044,91.64775,-213.67035,117.72988,91.25445,-213.64691,132.90151,91.78219,-179.37941,115.87076,90.15529,-176.03843,126.61155,100.07211,-200.75333,120.40605,99.40027,-199.7537,143.33185,104.79899,-143.54803,105.14697,102.08485,-144.47547,149.06282,132.05469,-142.25892,100.82431,131.35995,-148.7939,154.51898,157.94602,-157.43499,95.86929,157.35113,-168.46998,158.35349,163.28025,-169.92054,92.50556,162.33243,-181.33176,156.08077,164.12766,-177.76502,94.88998,163.37296,-190.16845,152.79541,162.67901,-161.65528,98.01176,161.85941,-173.24531,130.96388,132.03099,0.00094,114.05877,130.5251,0.13985,129.34487,147.1809,99.83231,113.40058,147.26768,90.60753,128.28712,148.77777,225.95118,118.22284,146.11105,228.16319,127.69681,147.07935,238.54071,119.62937,144.03598,242.01731,128.02832,159.88764,220.00916,117.16207,156.52289,227.35992
35.jpg,pushups_1,133.56638,122.59542,-221.38035,136.51507,115.83987,-219.92657,138.60283,115.61411,-219.94247,140.71485,115.37249,-219.94717,130.40448,115.66397,-219.96235,128.19974,115.26376,-219.93821,125.98617,114.90055,-219.95547,143.39492,114.07244,-182.02924,122.50565,113.25194,-182.2578,136.7981,125.60924,-204.84713,129.57686,125.25097,-204.78358,156.99244,130.22287,-144.79727,108.75425,129.20983,-143.56771,161.78934,161.44986,-134.96625,103.33052,160.40784,-133.87727,148.74868,186.54908,-156.55931,116.41201,185.22885,-154.06801,148.06476,193.10575,-173.61847,118.38156,191.62115,-168.97882,141.61116,191.21299,-175.55949,123.47556,189.10261,-171.77357,140.94379,188.44692,-158.3066,124.03114,186.43114,-156.18888,143.91162,161.95643,-0.08752,122.75196,162.35509,0.10242,143.44833,169.6004,110.63682,121.6305,172.92515,106.12579,137.98622,171.08557,223.85369,121.92418,173.28853,224.99813,136.01472,169.61422,235.67931,122.20412,171.47936,237.43438,138.24541,179.45899,211.3741,122.52575,182.18344,211.07737
36.jpg,pushups_1,133.6849,132.24036,-216.72328,136.60179,125.45772,-217.89298,138.55666,124.99958,-217.913,140.54306,124.53366,-217.91312,130.66474,125.45116,-218.33564,128.59544,124.95111,-218.32066,126.51574,124.4889,-218.36409,143.54158,120.46401,-183.64667,123.2302,120.14773,-185.92329,136.62585,133.37758,-200.33221,130.39413,133.28452,-200.80306,157.16515,130.34049,-140.62122,110.27264,129.0766,-147.07227,159.34032,158.97935,-126.57075,105.58807,158.88197,-138.66073,148.51759,185.33928,-151.18358,117.79315,184.32286,-159.10588,148.38065,191.03587,-168.03343,119.06793,189.99791,-174.73903,143.0421,190.08275,-171.94131,123.86991,187.93597,-177.37171,141.77,187.62976,-154.14071,124.66789,185.69596,-161.11012,143.28157,162.90958,0.87325,122.36507,162.61674,-0.91255,141.52228,170.78311,113.54236,120.5277,172.61913,105.56555,137.91727,172.50528,235.45829,120.81646,173.9255,231.913,136.27632,171.47893,248.16744,121.52253,172.5657,245.01389,138.07036,180.53014,224.02579,121.07894,182.58753,218.83349
37.jpg,pushups_1,129.52693,132.47425,-231.35365,132.78905,127.02402,-229.87573,134.77242,126.69383,-229.89042,136.78947,126.33511,-229.89204,126.54214,126.8993,-229.44018,124.48309,126.4826,-229.40496,122.41307,126.10271,-229.38066,140.3905,123.32245,-190.25855,119.0462,122.96727,-186.53203,132.55018,134.41062,-214.13183,126.35221,134.19178,-213.01386,154.56625,133.98612,-145.5015,106.95992,130.59928,-137.96902,171.52037,158.51986,-138.48684,94.97859,153.09021,-112.12138,180.60042,183.3558,-160.38953,87.80466,181.66963,-132.03091,186.20912,186.70588,-171.52713,82.06559,185.60912,-139.02069,182.19804,187.28459,-180.84685,86.57352,187.4291,-149.81119,178.31231,186.94078,-164.47312,90.76453,187.05981,-136.65789,140.92731,162.0104,-3.95455,120.16166,160.52562,4.07993,139.93613,172.59723,100.40774,123.42245,169.8396,115.2421,140.17894,173.56734,219.08264,127.00301,172.29149,232.64281,139.05623,171.95319,230.84875,128.42904,170.93732,244.89188,141.1958,181.67421,200.13477,127.84568,180.26182,215.74511
38.jpg,pushups_1,129.9589,131.77363,-231.21456,133.07628,126.19672,-229.04247,135.02089,125.93165,-229.05651,136.99759,125.63762,-229.06543,126.9125,125.92149,-229.10532,124.82291,125.47272,-229.06898,122.72527,125.05776,-229.03843,139.95521,122.93144,-187.64913,118.91374,122.08589,-186.59372,132.61028,133.95974,-213.46187,126.31153,133.55909,-213.12891,153.22945,134.42091,-144.68413,105.35413,130.55305,-137.26348,170.41692,159.52033,-141.00061,93.30204,152.83774,-109.59731,179.26126,183.99879,-164.8434,87.27437,180.73569,-124.0883,184.6503,187.58873,-176.08053,82.07903,185.01664,-130.64426,180.73308,187.90704,-185.21509,86.75972,186.49466,-140.59369,176.91752,187.47565,-168.92598,90.6822,185.8566,-128.09485,139.44029,163.90178,-3.67591,118.60599,162.39636,3.80264,139.34511,175.1399,104.02478,122.41562,170.7604,114.12632,139.84843,176.01128,222.51476,126.10323,172.45855,231.49785,138.78412,174.14573,234.34777,127.43067,171.00805,243.70192,141.07886,184.9117,204.67778,126.70003,180.30753,215.96914
39.jpg,pushups_1,126.17729,132.56717,-231.87954,129.12956,126.33047,-230.87054,131.21392,126.03477,-230.88611,133.3324,125.71954,-230.90253,122.9755,126.33014,-229.98631,120.8478,125.94021,-229.97712,118.73108,125.60408,-229.98193,136.88089,123.1394,-190.52825,116.03247,122.99771,-187.71464,129.9498,134.72531,-214.19034,123.17278,134.52783,-213.41412,151.71529,133.92743,-140.41671,106.2178,133.49574,-134.58587,161.32955,158.48081,-100.43536,95.16919,153.95862,-93.39887,165.0302,183.63207,-103.89188,93.61687,181.02087,-97.93418,168.19287,188.13511,-111.10165,89.87244,186.19715,-105.75564,165.31974,188.48989,-120.26689,94.50053,187.11548,-113.97836,162.16575,187.16765,-107.36356,97.88179,185.60064,-101.90593,140.89265,159.87803,-0.21983,119.59049,160.04438,0.35986,139.85527,169.58899,114.49971,122.78605,169.55153,111.2957,137.66324,171.69687,233.00154,125.58337,172.03969,234.71018,136.52692,170.35716,245.32385,125.97097,170.34653,247.84599,138.87325,181.09353,223.3081,127.59379,182.27545,225.83155
40.jpg,pushups_1,125.7364,131.91108,-231.53737,128.71704,125.84089,-230.18289,130.71419,125.57313,-230.21034,132.74212,125.28642,-230.23838,122.80097,125.8656,-228.76198,120.8118,125.52277,-228.75736,118.83045,125.23173,-228.76556,136.25355,123.03032,-190.16923,116.4227,122.96436,-184.97805,129.42103,134.25896,-214.26797,122.90231,134.09443,-212.75018,151.61362,134.40711,-140.96729,105.35004,134.73163,-133.65925,161.90775,158.20681,-102.62818,93.84425,154.97821,-93.42917,165.63316,183.57706,-111.67278,92.90615,181.06846,-103.6164,169.08934,187.94421,-121.20512,89.21177,186.22976,-113.425,165.662,188.55302,-130.77176,94.15378,186.5684,-122.08876,162.30498,187.31712,-115.41977,97.56956,185.01621,-107.9762,140.67853,161.4771,-0.8903,118.87602,161.95998,1.00078,140.61889,168.93379,116.39509,121.4265,169.90584,113.40365,137.75763,169.33432,239.34476,123.17287,170.10523,241.37086,136.39988,167.69487,251.96513,123.43664,168.1887,254.98947,138.78769,177.39433,229.41129,123.77481,178.59964,233.42144
41.jpg,pushups_1,125.83038,131.23065,-232.96768,128.74357,125.02358,-231.51774,130.78102,124.71213,-231.54447,132.853,124.38534,-231.55961,122.73416,125.09788,-230.42864,120.68741,124.76956,-230.42047,118.64665,124.49097,-230.43142,136.50947,122.02381,-190.41827,116.22271,122.15907,-186.4983,129.72025,133.41321,-215.23561,123.01874,133.35789,-214.0934,152.35816,133.64314,-140.51752,105.97885,133.10307,-135.39162,163.02966,157.99388,-105.03284,95.01328,153.78834,-95.66137,165.38974,183.47734,-114.89395,94.2038,181.65298,-102.59175,168.16793,188.20504,-124.16257,90.8159,187.1393,-111.0872,164.82165,188.47164,-133.1572,95.62052,187.84634,-119.23389,161.82349,187.01291,-118.41676,98.82844,186.13841,-106.49553,141.03192,161.05833,-0.35166,119.23783,160.8294,0.47246,140.19373,169.75996,112.41558,122.03217,169.58658,110.70273,137.66283,171.0637,231.87185,124.30354,170.85773,233.37049,136.32164,169.79745,244.03229,124.73558,169.33373,246.37619,139.14318,179.60356,220.63059,125.37181,180.08854,223.23793
42.jpg,pushups_1,126.07835,130.91063,-233.77598,129.05564,124.87632,-232.68792,131.09343,124.5925,-232.71531,133.16573,124.29171,-232.72501,123.11624,124.90438,-231.24054,121.09997,124.55772,-231.22545,119.08963,124.26219,-231.22705,136.90026,122.02793,-192.63286,116.77776,121.98808,-187.02335,129.93925,133.08357,-216.35559,123.33139,132.95654,-214.75739,152.41797,133.48597,-142.24372,106.83029,133.30467,-136.82905,163.06094,158.17717,-108.28736,95.94763,154.62915,-100.71925,166.24714,183.51321,-118.11302,93.7533,182.08641,-110.66026,169.03982,188.24315,-127.0869,90.12785,187.44031,-119.40488,165.79668,188.49407,-135.99502,94.68039,188.30009,-127.76587,162.69303,187.04798,-121.50436,98.12108,186.59796,-114.74731,140.92615,160.3044,-0.5319,120.02061,160.17554,0.67762,139.61643,170.2157,113.46403,123.3258,170.00537,110.81751,137.1816,172.69515,231.75687,126.00865,172.45886,230.45726,135.90417,171.53503,243.79744,126.43753,171.0599,243.13139,138.59257,181.97144,219.114,127.38101,182.27987,218.11594
40.jpg,pushups_2,132.60457,113.94197,-237.04943,136.0854,107.44552,-238.57128,138.13905,106.96665,-238.57635,140.2268,106.477,-238.53342,129.88845,107.53102,-239.104,127.71111,107.02399,-239.07119,125.54011,106.5746,-239.109,143.66922,102.15365,-204.16111,122.37886,101.94825,-207.33413,135.76212,114.77801,-220.0944,129.1278,114.70726,-220.7836,158.45137,107.89902,-153.06285,109.61616,106.58064,-156.30442,167.07098,130.96069,-111.68649,99.14816,126.28294,-105.1676,148.44619,153.9212,-111.96707,118.03826,148.60881,-97.03436,146.43371,159.65781,-121.774,121.40605,153.61954,-107.05381,142.18144,156.97709,-128.11711,125.11576,151.88993,-109.68246,142.0082,154.44904,-114.74886,125.09221,149.8538,-98.48651,146.74063,131.95036,1.30643,123.60213,131.74232,-1.30711,145.5172,134.49591,126.30165,123.24305,136.12193,124.40709,142.68706,129.65744,253.85897,123.99833,130.62671,255.66732,142.04006,127.1055,267.8672,125.10927,127.72434,270.0884,143.0192,135.27703,258.68453,122.20918,137.50267,260.17618
41.jpg,pushups_2,132.76423,112.06046,-243.00639,137.01426,105.25407,-244.88606,139.3404,105.0087,-244.87524,141.69699,104.74909,-244.83514,130.36784,104.81927,-244.77834,128.02911,104.16457,-244.755,125.69686,103.57275,-244.79765,145.70858,101.56909,-210.31401,122.72661,99.67222,-210.40356,136.25544,114.26483,-226.02654,128.8378,113.59331,-225.82322,159.38401,110.05221,-157.27747,109.23981,106.79516,-155.83086,167.27311,131.85908,-108.51022,97.6818,125.19473,-96.96295,148.56534,153.25249,-107.79134,117.04799,147.54352,-89.707,146.44328,159.23886,-119.39659,120.26227,153.01996,-100.3222,142.27946,155.52558,-125.49596,124.33382,150.83401,-104.61842,142.18838,152.78647,-110.50559,124.42019,148.61678,-91.98224,145.60575,134.29135,0.90085,122.10983,133.41526,-0.87709,144.32213,137.28685,127.10848,122.18408,137.26924,127.77458,139.53355,131.86375,255.9211,122.82772,132.24648,263.86625,138.51747,128.88858,270.12506,123.86838,129.25401,278.90927,139.44037,137.99492,263.95443,120.57458,139.26783,272.21582
42.jpg,pushups_2,133.44965,106.29164,-246.37637,136.75937,99.28045,-247.79125,138.99223,98.85225,-247.7948,141.2648,98.41478,-247.76965,130.28719,99.28711,-248.41816,127.91374,98.80591,-248.40406,125.54351,98.37959,-248.46475,144.46255,94.96031,-209.02975,121.94782,94.7143,-212.89025,136.8052,108.03697,-227.78308,129.50624,107.9184,-228.71455,158.21907,103.41292,-156.1759,109.4132,102.66549,-157.64142,166.14557,126.64202,-111.40101,100.06083,123.90238,-106.80704,149.68296,150.05199,-116.98926,117.59082,147.29961,-102.85358,147.95877,156.37612,-128.66164,120.43711,153.13515,-113.47094,143.90454,153.62935,-134.57996,124.31521,151.21581,-117.23457,143.54248,150.72366,-119.79717,124.59096,148.59733,-104.91748,145.95685,133.95962,0.93273,123.01566,133.79619,-0.8778,144.69398,139.26646,123.90073,123.7639,141.07375,121.64234,140.57896,138.74291,252.26711,124.51512,139.02125,255.46483,139.41438,136.8932,265.93007,125.2891,137.06948,270.03681,140.07692,146.98897,249.66187,122.61827,147.61168,252.07255
43.jpg,pushups_2,134.04775,113.63737,-266.28134,137.57002,109.064,-268.39784,139.41048,109.05246,-268.40951,141.29962,109.01023,-268.39487,131.96835,108.06851,-267.32155,130.11258,107.25918,-267.26836,128.26041,106.51833,-267.27685,144.87309,105.14617,-230.81001,125.4871,101.77495,-226.7504,136.72252,114.80566,-248.09868,131.17762,113.47006,-246.83582,160.10776,108.50646,-171.96502,113.13351,103.63516,-167.19136,182.59502,123.22408,-128.00796,92.80316,113.95716,-121.16102,184.8684,147.08927,-114.34143,89.79415,143.52123,-116.66792,188.31045,151.37643,-116.13817,85.34984,148.5472,-122.68105,184.09806,150.45386,-124.30795,91.17154,150.21624,-128.28482,181.25304,149.3976,-116.18976,94.29164,149.20077,-118.67159,149.19406,130.38312,-1.39131,126.9612,129.10105,1.49304,150.4153,135.95625,136.05944,130.18079,134.09796,142.82512,150.9355,133.57599,286.02286,133.36401,134.27867,294.69913,150.06262,131.93246,301.39323,134.42835,132.40965,310.15231,153.74582,139.78246,275.44697,135.1218,142.05794,285.15189
44.jpg,pushups_2,134.30185,117.29734,-241.77165,137.07159,112.18052,-242.84601,138.80044,111.86756,-242.86273,140.55976,111.51933,-242.86729,131.5109,111.93876,-241.81547,129.64857,111.36397,-241.77197,127.79569,110.851,-241.77386,143.63788,106.59056,-207.27712,124.51142,105.94732,-203.174,136.96229,117.85729,-225.18692,131.72443,117.371,-223.84436,159.33343,108.8785,-156.01568,112.59378,106.35869,-150.14054,182.08299,122.38607,-124.27673,91.58531,116.03934,-112.21657,187.24288,146.84554,-115.6791,89.30275,142.78268,-110.48559,191.52393,150.14158,-117.73627,84.50974,146.79304,-115.76704,186.72019,150.28716,-124.69519,90.88315,147.91954,-120.44017,183.52198,149.65377,-117.17447,94.26198,147.33568,-112.13205,149.51,131.58723,-2.83713,127.73702,131.31582,2.90372,150.29937,137.54925,123.08652,130.45688,135.49505,132.28797,150.67271,134.18208,258.94598,133.23256,134.67067,269.91697,149.74231,132.32152,272.71751,134.19147,132.71254,283.90821,152.8124,140.33011,244.87751,135.39863,141.21844,258.5174
45.jpg,pushups_2,133.23487,122.69724,-245.61,135.85761,118.4712,-251.95311,137.52607,118.11266,-251.94197,139.2552,117.72054,-251.88793,130.30896,118.23029,-250.43473,128.5283,117.63546,-250.3719,126.74837,117.10524,-250.35585,142.91773,111.29474,-224.92371,123.81215,110.4709,-218.99352,136.11894,121.24183,-229.72683,131.45984,120.79462,-227.75977,161.36604,106.58913,-169.26435,112.13974,104.06428,-167.23726,182.98542,121.25667,-128.00599,91.6165,115.25797,-119.89719,185.88723,148.07104,-120.72792,90.13429,144.41648,-111.21299,190.91759,152.15081,-128.32821,84.67966,148.56344,-119.30867,185.37386,152.49632,-137.15628,91.30887,150.2657,-124.77471,181.82886,151.8815,-124.09151,95.14484,149.83869,-113.34834,150.73368,128.65991,-1.70846,127.75812,128.21476,1.75472,149.3609,134.78374,135.30599,130.73481,132.71087,139.03066,148.74953,130.67379,289.27965,135.09208,131.02518,289.97102,148.2021,128.40445,305.46662,136.92649,128.23602,305.53845,150.13364,136.15744,288.3689,137.25994,138.13568,288.27546
46.jpg,pushups_2,132.5278,116.38111,-250.21566,135.72185,110.696,-251.87743,137.61789,110.44502,-251.88334,139.54528,110.16577,-251.90414,130.06578,110.38932,-250.42947,128.15897,109.8291,-250.40664,126.27217,109.33327,-250.44755,143.14671,106.31144,-215.75601,123.84453,105.2247,-210.44145,135.78215,117.68243,-233.14259,129.93163,117.07614,-231.47195,157.72548,110.0225,-158.46572,111.85213,108.22809,-152.4792,176.29626,123.97138,-112.16508,93.8249,117.43346,-100.6706,174.66536,148.44816,-101.87961,97.24875,143.5232,-96.52653,177.20651,152.54429,-106.36711,94.21413,148.48768,-104.48556,172.21335,151.89717,-114.49481,100.17743,148.71189,-109.52354,170.06285,150.64974,-103.9123,102.63395,147.53591,-98.57824,146.66564,131.09922,-0.88761,124.22734,131.26911,0.89618,145.21161,133.59024,128.55446,124.18897,132.21771,129.82919,140.95766,129.06072,266.59109,124.22149,129.72651,276.15051,139.30737,126.74797,281.13266,124.86227,127.31528,291.07275,143.33534,134.65528,263.35201,123.84557,135.9766,274.80904
47.jpg,pushups_2,132.34336,114.9285,-257.48715,135.7438,108.79375,-258.74256,137.71936,108.48893,-258.73626,139.73439,108.15764,-258.75457,129.93347,108.58659,-257.66977,127.9334,108.05016,-257.65538,125.95103,107.58448,-257.70045,143.47897,104.54689,-220.56776,123.57559,103.66422,-216.47832,135.72174,116.55798,-239.6328,129.55272,116.10215,-238.30262,158.14849,110.27087,-160.58166,111.90852,108.48897,-155.95416,174.57744,123.24173,-109.93231,95.12326,116.99846,-101.28198,174.18698,147.23464,-102.02312,97.7027,142.15419,-94.3647,176.75904,151.70944,-106.87385,94.80338,147.01937,-101.53339,172.48145,151.34282,-115.92183,100.18639,147.84025,-107.30729,170.1994,149.99506,-104.63922,102.68664,146.72881,-96.57469,146.50896,131.22558,0.36264,123.94551,131.0556,-0.34056,145.47337,133.19326,129.87562,122.8073,130.90054,127.53255,143.32782,127.18258,269.49031,122.83859,127.56652,274.43467,142.14554,125.26223,284.06752,123.69032,125.40968,289.41792,146.23634,132.25361,266.56068,122.1084,133.92775,273.94285
48.jpg,pushups_2,132.35821,114.05067,-246.48268,135.80518,108.14021,-247.79187,137.7718,107.89886,-247.78311,139.77437,107.62809,-247.80169,130.06539,107.79647,-246.1396,128.11125,107.23991,-246.11618,126.1707,106.75001,-246.14051,143.59243,104.27963,-212.2863,123.89605,102.99561,-205.62579,135.77081,115.73644,-229.82836,129.5852,115.12535,-227.73277,157.99527,109.33977,-156.75681,111.90103,107.49036,-149.53948,177.13296,121.96186,-117.51192,95.06706,116.93515,-100.10835,174.32113,147.02373,-113.48686,98.69203,142.50846,-96.79507,176.65188,152.11604,-119.50112,95.66141,147.71075,-105.38283,171.31572,151.27183,-127.1132,101.66358,148.10873,-110.08442,169.33931,149.66113,-115.57939,103.94791,146.69095,-98.66631,145.40323,132.29233,0.07035,123.47062,132.01508,-0.02151,144.37881,134.90823,125.07206,121.88698,132.95032,123.64985,141.68491,128.54137,261.25065,121.74256,129.44392,267.40228,140.35158,126.21665,275.5941,122.67643,126.96399,282.11631,144.54806,134.10922,260.73019,120.96676,136.07859,268.73381
49.jpg,pushups_2,132.2353,113.41727,-266.05453,135.74381,107.87914,-268.17687,137.69176,107.76659,-268.1715,139.67572,107.62454,-268.17228,129.94486,107.21953,-267.25402,127.99041,106.55955,-267.22016,126.04008,105.96255,-267.236,143.09465,104.34705,-229.46677,123.17481,102.07538,-225.5415,135.1604,115.33331,-247.48153,129.08417,114.36821,-246.17095,156.42644,108.51727,-169.10479,110.45914,105.87381,-163.6897,177.01312,121.6125,-125.70461,93.43647,115.54808,-107.62969,173.44171,148.58787,-124.85818,96.76095,142.96152,-110.42188,176.08395,153.90109,-133.80903,93.28776,148.40828,-121.22291,170.76618,152.91596,-142.54231,99.01974,148.76766,-128.74579,168.67731,151.26035,-127.63743,101.58787,147.34364,-113.495,145.77229,132.21204,-1.00478,123.44975,131.97398,1.02833,146.11917,134.75864,130.85854,123.06987,133.57909,136.51123,144.05256,129.45119,280.30906,123.20426,130.14758,289.6105,142.71153,127.1565,295.74543,124.08072,127.70469,305.48667,147.32799,135.36259,278.57407,122.36747,137.00412,288.51584
10.jpg,pushups_3,97.93962,187.91779,-135.25614,96.64836,184.589,-136.64055,97.57488,183.60305,-136.64695,98.50494,182.62053,-136.70736,94.33904,186.28728,-134.41791,93.55089,186.59715,-134.39094,92.79947,186.90197,-134.39938,102.14385,177.89788,-124.5237,93.97138,182.85023,-115.7147,103.06327,184.67598,-129.17675,100.64321,187.23514,-126.64533,132.01137,171.32823,-103.49163,97.91883,165.45112,-86.32754,163.05547,177.58483,-83.26288,102.19141,168.54047,-35.88431,160.28428,199.35161,-84.37106,102.54394,187.0117,-21.84148,161.95803,203.5144,-95.78824,100.10351,190.4072,-24.75069,154.97466,204.55819,-97.136,101.80987,192.36172,-31.84001,152.99445,202.61847,-85.2956,103.98589,190.99806,-24.20656,152.0289,159.19113,-10.45898,136.14904,154.40451,10.58857,151.76012,163.70492,74.74352,130.34628,158.99698,94.59225,147.39527,165.75811,155.96438,127.99382,161.70908,174.04258,146.90598,164.12891,164.93308,128.73534,161.77103,182.92192,142.90777,175.93253,166.23836,121.42573,170.33754,188.34912
11.jpg,pushups_3,97.38384,186.6387,-146.57202,96.38604,182.39108,-147.26381,97.44027,181.23815,-147.26059,98.49801,180.0875,-147.29623,93.82742,184.55635,-145.1828,92.9703,185.04967,-145.15913,92.14744,185.55106,-145.16298,102.60033,175.18381,-130.12235,93.67339,181.64294,-122.33456,103.0125,183.52835,-138.59471,100.17528,186.66979,-136.32805,133.28718,170.43186,-106.47807,98.32236,165.37066,-87.71214,165.30281,176.59562,-87.06298,101.51246,167.90918,-34.42248,159.18663,198.67886,-90.09107,99.26701,188.019,-22.94304,159.70908,203.15384,-103.3886,95.98892,191.996,-26.26439,152.26374,204.08213,-104.35149,97.53923,193.78612,-33.7657,150.45934,201.92195,-91.09142,99.91559,192.20959,-25.59207,151.18622,160.65581,-11.48898,134.87632,156.06727,11.59839,152.90418,167.64807,73.82912,126.80725,161.25609,94.55303,148.90377,170.52063,153.30403,123.48033,163.43318,173.87923,148.83285,168.73701,162.17223,124.19029,163.11216,182.66534,144.69437,181.36165,159.33451,117.09883,172.14399,184.95398
12.jpg,pushups_3,96.99193,180.5664,-135.40632,95.94234,176.78486,-137.73968,96.94629,175.78691,-137.71379,97.93992,174.79587,-137.71855,93.57095,178.74238,-135.77344,92.80784,179.30059,-135.76881,92.07014,179.84982,-135.74272,101.70792,171.21584,-122.44193,93.43993,177.34174,-114.0146,102.34143,178.55124,-127.43926,99.67513,181.38288,-125.09109,128.05934,171.90014,-94.7913,98.90871,164.28965,-75.85887,159.20606,183.6793,-71.68593,110.81044,167.0911,-37.56638,159.0408,200.15636,-63.31955,111.76485,181.48103,-39.52123,160.84933,203.26261,-69.40468,110.21091,183.61215,-42.23088,155.56487,202.68637,-73.09593,111.49364,185.45036,-48.38966,153.76922,201.13204,-64.63907,113.15678,184.62913,-41.09735,151.71224,163.78714,-13.3513,136.64975,158.71517,13.50704,146.89276,179.9695,28.00591,133.39126,176.68366,54.09687,157.8798,191.65408,86.13716,147.36582,186.40519,107.50944,161.31496,191.54107,92.55725,151.61387,185.29899,113.20251,154.65668,204.70398,93.10114,145.73906,200.59107,119.05287
13.jpg,pushups_3,93.2817,179.42218,-147.70999,96.39512,172.79612,-152.90397,98.63999,172.14572,-152.79569,100.83535,171.48064,-152.84316,91.62954,173.14119,-147.4479,90.29891,172.8333,-147.38715,89.06346,172.5553,-147.33029,106.86858,166.78485,-144.35018,90.96492,168.47253,-121.28133,99.95593,179.86513,-141.83188,94.66399,180.3913,-135.11656,136.21103,162.26744,-119.82647,90.57036,168.5467,-97.57552,166.80821,164.76205,-124.92178,65.06278,172.73377,-77.31461,161.29591,194.86654,-160.09192,55.20628,197.99592,-86.96707,162.2864,199.31579,-178.06922,47.67255,201.82327,-94.87,154.91262,201.61819,-174.11157,51.1879,203.90302,-104.33941,152.32612,201.4448,-160.15353,55.98257,202.57652,-91.0332,165.57751,151.62864,-18.51635,149.59898,154.36679,18.53553,174.5902,134.93008,79.02504,156.6188,149.57177,115.06618,183.01579,119.00244,173.48703,163.21013,143.41427,210.87774,184.94935,115.25129,184.99947,165.06921,140.94552,223.45541,181.70439,123.94041,190.64665,162.26911,152.28873,232.26884
16.jpg,pushups_3,103.44157,191.14973,-158.62079,102.82672,187.38329,-161.61523,103.93138,186.44842,-161.59646,105.0318,185.52535,-161.61594,99.91448,188.80136,-158.40441,98.86543,188.94781,-158.37192,97.87665,189.10333,-158.39014,107.61542,180.06654,-149.46593,97.52024,184.68489,-135.98945,107.98403,187.97058,-151.65461,104.99563,189.90748,-147.70908,131.97197,169.12654,-120.89095,93.15776,168.79103,-97.10789,160.14116,171.78429,-97.30697,92.83279,168.90759,-35.99937,160.21839,198.69285,-91.00887,97.5499,188.75105,-14.04228,161.92853,203.03824,-100.65612,96.02591,192.45789,-16.43195,155.55504,205.25507,-103.7819,98.37096,194.14247,-24.30169,153.21592,203.58035,-92.28448,100.66174,192.80911,-15.95207,144.47371,153.73425,-14.32352,126.98096,152.0619,14.33515,153.38191,151.95011,82.42013,133.2164,155.08235,103.42436,158.8115,149.30667,177.78446,142.5654,153.01492,195.8065,159.33274,146.35936,188.33446,144.87281,150.66468,206.42314,160.80686,159.91832,192.84831,143.44538,163.28647,212.89141
2.jpg,pushups_3,100.44566,192.65671,-146.51447,98.67241,187.71858,-146.89212,99.86295,186.3029,-146.89998,101.04687,184.87682,-146.9326,95.67708,190.65101,-145.32074,94.59848,191.45218,-145.31215,93.55575,192.25185,-145.29494,105.14034,180.24021,-126.845,94.65655,189.48913,-121.01113,106.59731,189.74582,-137.29927,103.15356,193.9038,-135.79872,133.43081,178.40443,-100.51079,103.02361,176.55639,-85.41485,164.0161,180.98632,-77.38,116.1519,175.32873,-41.29668,159.2076,201.30959,-73.17745,125.03671,188.53897,-37.80783,159.83473,205.33619,-81.68053,124.79081,191.6601,-41.60387,153.45704,206.37846,-81.69252,126.1276,192.43215,-48.53592,152.27401,204.34902,-73.11948,127.36922,190.98157,-40.24941,153.28866,168.29396,-8.33706,140.04407,165.45069,8.46478,155.15482,164.90168,82.16271,138.05182,164.7221,95.24062,152.1236,159.83027,166.48629,138.40709,164.29193,179.32648,151.80193,158.05382,175.97468,139.46231,163.73746,188.94328,150.10695,166.89589,174.63217,134.24536,172.02294,192.55013
20.jpg,pushups_3,103.50887,198.02575,-126.30479,103.81715,199.07671,-130.35453,103.99333,199.34595,-130.32899,104.10777,199.58375,-130.30142,103.29917,197.82465,-128.44812,103.24061,197.26586,-128.42572,103.16505,196.68206,-128.41636,105.26345,196.54626,-122.50439,103.39508,192.522,-114.06819,104.2218,194.73486,-120.40499,103.95552,193.62829,-117.89502,117.5317,185.94251,-92.45888,99.14028,175.47845,-85.5585,122.07022,167.75419,-46.08424,100.93188,155.16613,-49.88579,117.49734,158.81227,-15.64456,104.59234,146.01015,-29.40695,116.5673,156.33654,-15.8077,106.0961,142.92356,-29.86419,116.3135,155.35597,-18.25208,106.22011,143.73993,-35.15903,115.79567,155.19171,-15.78329,106.16119,145.15522,-30.95864,126.08345,160.13348,-0.65737,117.22826,154.4635,0.86589,120.73129,157.98532,79.30073,114.34768,153.45409,75.02154,122.09381,148.51441,171.37195,119.58891,144.89633,167.16919,123.54179,146.04167,182.21203,120.42855,142.73594,177.82808,120.50154,150.47467,189.56586,120.09517,146.01609,185.71988
22.jpg,pushups_3,112.94313,185.61942,-192.20046,112.51007,183.58679,-197.41699,113.33882,182.86601,-197.38082,114.14672,182.12326,-197.36341,110.04661,185.04656,-193.89357,109.04842,185.45901,-193.82346,108.10439,185.83743,-193.84704,114.95028,178.61497,-186.513,106.37681,183.79996,-170.52556,115.54947,183.10586,-184.86683,113.00865,184.87487,-180.08102,129.03614,170.05023,-153.16747,96.17817,176.01431,-126.56139,154.06347,178.67433,-139.5292,101.70391,187.33831,-89.16629,163.15486,197.67801,-148.26803,114.12918,205.75347,-89.39512,166.60562,200.75066,-163.16044,114.27075,211.14104,-93.83887,161.37437,201.75165,-165.65582,117.16539,210.9074,-102.86012,159.19112,200.52353,-150.24138,118.83851,208.83889,-92.51159,134.40632,158.12062,-13.16028,119.57092,158.82311,13.27292,140.48243,151.31354,96.89105,124.89705,159.26583,115.90499,143.53282,149.14532,209.24231,132.68288,149.56699,229.84286,143.1468,147.29046,221.44001,133.48528,146.6109,241.74062,146.13176,153.29877,226.0973,136.45732,153.60533,246.049
26.jpg,pushups_3,106.69996,196.72542,-123.05502,104.83462,196.26969,-126.69636,105.00442,195.09366,-126.61288,105.12228,193.91041,-126.53737,104.09581,198.97893,-127.91728,103.9489,199.90902,-127.92143,103.78617,200.80931,-127.91157,106.00698,188.99203,-109.99579,103.24995,198.88611,-115.20158,108.39943,191.47771,-113.54982,108.16126,195.0752,-114.93284,127.60496,175.35707,-76.83595,91.24129,190.24674,-78.77471,143.51733,168.35439,-40.15769,88.00255,187.09928,-38.83421,147.53157,187.42617,-26.10881,95.58795,199.39753,-19.83323,150.68169,191.29036,-28.54187,96.32883,203.70809,-20.10458,146.45369,193.15621,-30.39065,99.18103,203.01904,-21.01497,143.6114,191.86262,-26.62948,100.22227,200.88548,-19.48101,115.43498,153.27183,-0.25421,96.49367,159.74124,0.47249,116.83508,149.43474,58.78685,101.75962,158.36959,61.83023,106.57391,139.19018,127.1802,101.45434,144.10056,117.94154,104.45878,135.69126,135.77938,100.49129,140.52411,125.21208,108.05829,143.27807,147.83937,103.75638,145.62733,139.01282
28.jpg,pushups_3,101.93778,197.47321,-258.41005,104.04557,194.11052,-257.99611,105.07964,193.79163,-257.95151,106.10655,193.46781,-257.96022,101.62602,193.45125,-255.70826,101.05323,192.90894,-255.56136,100.53704,192.32898,-255.51292,110.13755,187.43955,-223.78806,101.5991,185.74804,-211.38725,105.04969,194.38861,-243.03403,103.30004,194.27286,-239.26024,130.1204,176.73224,-169.5816,89.60078,168.70856,-162.58034,156.2914,182.21687,-135.95762,63.36122,174.86972,-115.25237,159.19594,206.22925,-132.96956,57.22728,198.50595,-104.38984,162.08941,209.60526,-145.17926,53.34409,202.68213,-108.40155,156.32017,207.6419,-147.12931,57.23747,202.97125,-116.00571,154.33369,206.63649,-133.7705,59.49953,202.54006,-106.59712,129.98801,158.61866,-8.89515,112.70733,155.12686,8.72676,136.45478,151.57884,107.08981,117.06292,157.54227,98.69341,144.03201,149.56964,238.39381,125.93877,151.20142,220.79599,146.65718,147.17676,252.38092,128.94809,148.16012,234.62142,142.22299,157.13481,263.9838,124.9492,158.91026,246.24737
29.jpg,pushups_3,99.00848,185.431,-169.1163,100.53684,183.55237,-171.29315,101.67661,183.86978,-171.22252,102.79074,184.1697,-171.25799,98.4313,181.73092,-169.15598,97.94671,180.7382,-169.07144,97.53138,179.73787,-169.04005,108.14521,180.57118,-156.24367,100.6109,173.79462,-145.61708,104.15272,183.95476,-160.43569,101.95806,182.16043,-157.36653,136.83938,174.26183,-124.1056,102.0734,156.35517,-102.99815,161.38367,177.84438,-82.49898,86.57623,165.03246,-36.74112,159.27315,198.89658,-72.3773,73.03341,188.70762,4.2764,162.06553,202.00759,-82.48402,68.20647,191.53125,4.19902,156.55607,202.11545,-86.54302,70.53233,194.08158,-5.53381,154.07334,199.96524,-74.04336,73.92026,194.09045,1.34852,160.32139,153.27176,-13.33465,145.08634,143.854,13.36599,158.2288,157.60852,87.76627,138.0064,150.11563,104.14752,160.32416,158.49711,208.96036,139.00643,152.47357,208.99074,162.01196,155.68478,222.28745,141.42519,151.51335,221.33476,153.96766,173.14514,226.59667,131.16278,164.27277,226.45522
30.jpg,pushups_3,104.99284,181.46541,-170.87176,106.01628,178.62869,-170.65353,107.17461,178.2997,-170.61654,108.32239,177.97556,-170.64063,103.31303,178.50013,-168.59308,102.48237,178.17373,-168.54208,101.7139,177.831,-168.51507,111.94496,173.80055,-148.21309,102.1419,173.10353,-138.1926,108.84066,179.3328,-160.51788,106.06591,179.54921,-157.62136,133.33595,168.30423,-115.08962,96.2414,158.99786,-99.62446,158.49893,179.24177,-97.14694,82.62341,169.475,-60.10055,158.91425,201.55071,-96.39181,82.9548,189.60152,-47.47802,161.05768,205.46919,-105.62983,81.1356,193.16983,-51.13373,155.35231,205.09782,-107.69425,84.42588,194.3462,-58.65156,153.29171,203.68303,-96.88739,86.61064,193.58212,-49.57157,142.05819,150.77794,-8.62019,126.64943,145.87151,8.51087,144.26102,150.22933,73.67969,128.55042,151.29239,77.80125,151.37144,148.9293,167.43634,137.60538,149.59448,165.29519,153.46325,146.50474,177.67022,140.16922,147.25018,175.08965,149.38897,158.55305,180.6912,135.75431,158.52392,177.6276
31.jpg,pushups_3,104.46493,177.13877,-181.977,106.79843,174.69407,-186.69059,108.13133,174.77363,-186.63526,109.44468,174.84579,-186.6771,103.51741,173.56898,-183.31837,102.43666,172.82094,-183.24048,101.43609,172.0806,-183.21857,112.3528,171.02473,-175.38194,101.31188,167.05912,-160.00079,108.30309,176.05438,-174.28331,104.87226,174.55246,-169.65844,132.4526,162.85239,-140.49842,93.50217,156.67813,-123.04539,156.07608,174.64972,-128.60484,75.67086,170.15891,-97.60532,156.02743,198.01532,-144.84362,66.51806,194.98038,-114.91336,157.33894,202.20789,-158.83376,60.2519,198.79807,-127.30975,151.50508,201.35075,-160.50326,63.31969,200.46184,-137.78116,149.71347,200.27366,-146.15376,67.48382,199.41316,-119.60996,148.13021,149.89595,-13.73634,132.02299,146.19514,13.6244,151.719,154.68994,100.24167,127.72511,150.04853,116.50783,151.99929,155.40605,216.81866,130.21386,149.65808,229.16426,151.897,152.95657,229.87255,131.38106,148.20819,242.06036,148.37872,166.2443,236.6518,125.79166,158.54535,249.1355
32.jpg,pushups_3,103.96471,174.8144,-183.44232,106.59024,171.45773,-183.73704,108.21958,171.19352,-183.6996,109.83417,170.933,-183.73123,102.64317,171.30478,-181.16475,101.37787,170.95697,-181.08823,100.19467,170.61293,-181.06111,114.05253,167.41798,-160.39063,100.5235,166.69384,-148.81306,108.57855,173.96521,-172.64681,104.37455,173.91853,-169.17286,134.23247,162.66693,-132.23893,95.04452,158.10443,-107.53193,156.97116,176.15367,-128.83606,75.20322,168.70173,-82.78185,157.30855,200.69084,-141.5883,69.06439,192.10273,-87.49916,159.41052,205.03589,-154.00474,63.94489,195.87659,-94.04219,153.63257,204.46842,-153.68732,68.00714,197.91353,-102.06763,151.86518,203.32678,-141.7251,71.38059,196.9895,-90.41356,144.11501,148.61773,-13.84055,128.89303,146.41541,13.67824,148.5667,151.6582,85.64912,129.77083,149.3954,95.98031,153.93756,154.05899,184.52653,135.79599,149.23739,188.1561,155.33356,151.59426,195.57934,138.01726,147.29501,198.76898,151.15533,165.70238,201.35598,132.52681,158.78843,202.44415
33.jpg,pushups_3,102.76138,178.73748,-181.3231,104.64825,176.31621,-180.68512,105.60505,176.20263,-180.62935,106.53591,176.06316,-180.66303,102.51991,175.80091,-177.36296,101.92761,175.31129,-177.27865,101.4053,174.82134,-177.24746,109.57759,172.12427,-153.48493,102.11913,170.03846,-138.40169,105.52657,176.94011,-169.3891,103.47976,176.60723,-164.90616,127.68364,164.23598,-120.92298,96.4346,160.58576,-97.16285,150.61245,177.26735,-112.79982,73.59616,171.03225,-70.22237,154.48464,199.28674,-123.93413,64.07638,194.37841,-71.24488,157.07677,202.97437,-133.61319,58.47476,198.01396,-76.70421,152.7697,202.77578,-132.49079,62.34418,200.62005,-83.85858,150.8918,201.90062,-123.50738,65.65097,199.3211,-74.0538,139.56855,149.13231,-11.88633,126.85898,147.98239,11.75306,151.63766,151.70828,86.40465,128.12847,150.91944,96.2915,160.68815,150.90595,182.10871,134.11894,150.42183,188.19229,161.93809,148.31201,192.81204,136.15795,148.96513,198.86076,161.43558,159.4117,195.38402,132.30099,157.84305,200.07069
34.jpg,pushups_3,112.57949,172.53498,-146.82957,111.77389,168.59665,-149.61228,113.04221,167.60986,-149.55396,114.29214,166.62093,-149.54138,108.28342,170.99112,-148.62928,106.86946,171.73031,-148.61356,105.53112,172.46614,-148.65653,115.57443,165.29856,-131.64257,103.62345,173.08879,-128.45203,116.46032,172.69284,-137.27469,112.33622,175.44897,-136.37382,129.31168,166.15423,-105.63357,103.21765,176.14658,-93.05357,152.92078,181.26661,-91.75639,99.78956,183.71282,-69.4674,157.30029,201.29223,-91.20707,102.18829,195.47776,-60.72289,159.81709,205.33941,-98.16864,99.86821,198.86678,-63.01667,153.56122,205.18283,-100.35011,101.85238,198.73064,-66.22662,152.24609,204.26464,-92.24336,103.64357,197.41429,-61.33273,145.80236,156.35489,-10.526,136.31252,158.69641,10.52403,147.85268,157.109,73.63483,138.86987,158.16971,80.55097,154.10948,158.87265,150.74186,141.01773,158.66454,154.72361,154.75587,158.14714,159.01771,141.70913,158.50482,163.0893,156.03484,166.29394,155.63125,141.88565,164.84351,161.0067
35.jpg,pushups_3,103.32494,175.5343,-187.78906,105.04945,171.70202,-190.29197,106.59144,171.38284,-190.24471,108.11989,171.06983,-190.28285,101.34594,171.62815,-187.22159,100.13713,171.24258,-187.16035,99.00973,170.869,-187.12834,111.82817,166.9462,-171.95572,99.11436,166.21826,-158.29034,108.18526,174.26964,-177.88169,104.15784,174.15584,-173.84367,135.62489,161.52961,-136.52012,93.06407,155.33948,-115.71227,161.58071,172.7763,-123.28155,76.41194,166.52067,-71.38663,158.68451,199.1142,-133.20183,71.60003,190.01068,-67.95204,159.64885,203.99311,-145.39486,66.92104,193.76282,-74.59322,153.12449,203.74918,-146.42238,70.13956,195.44904,-84.06965,151.20548,202.3191,-133.65574,73.8765,194.6558,-71.13124,148.95078,148.33334,-13.74062,131.65317,144.48883,13.63299,152.77693,149.8928,91.38146,130.49572,148.99667,103.02084,154.79724,149.37251,202.30746,134.93856,147.90244,204.74004,155.48204,146.42397,214.96226,136.6609,146.09099,216.61918,151.0977,161.08498,223.09268,130.98493,157.69596,223.19599
36.jpg,pushups_3,105.16467,169.89625,-173.7153,108.39088,165.85719,-179.47926,110.60337,165.67053,-179.40318,112.77671,165.45086,-179.43347,102.76598,165.52211,-175.72731,100.74768,164.96627,-175.67716,98.83982,164.43699,-175.67781,116.20542,161.73704,-168.49423,97.49375,160.61123,-151.336,110.66788,170.10839,-166.09516,104.32419,169.44256,-160.94394,135.07815,155.64504,-135.73429,91.91879,156.4772,-116.21775,157.18094,173.23497,-132.01217,73.1196,172.8895,-93.78689,157.29511,198.06516,-152.31164,61.5137,201.33118,-118.17094,159.20193,201.77292,-164.3216,54.14244,206.49693,-130.34405,153.33557,201.4104,-166.39538,57.16577,206.78842,-141.60382,151.33332,200.93648,-153.92495,61.82275,204.75987,-123.15608,155.82502,145.28929,-16.5956,140.83236,146.45463,16.44749,167.61879,151.25255,93.28904,142.61887,149.75706,124.20674,173.52686,152.15398,208.2613,148.04143,153.62438,243.94681,174.54163,149.86131,221.1945,150.21735,152.68105,257.54851,170.01732,160.46869,222.98942,143.94448,163.07606,258.16294
37.jpg,pushups_3,100.164,174.07963,-214.49217,102.63968,171.84738,-213.39483,103.82951,171.93727,-213.37618,104.97336,172.01235,-213.40597,99.79248,170.5842,-211.90335,99.02458,169.93737,-211.80825,98.32226,169.27439,-211.75672,108.67996,168.6549,-177.60744,98.78809,164.62984,-169.42448,102.97262,173.07575,-198.99765,100.40329,172.15067,-196.41141,125.90913,164.18078,-134.58986,92.97568,155.67414,-124.98504,153.90765,176.32166,-115.98868,70.48983,161.99519,-102.82434,160.94448,201.85649,-124.2708,63.25135,187.05129,-111.84408,165.00526,207.14008,-132.96721,58.15259,191.17813,-118.62721,159.37975,205.87197,-132.45517,62.05597,194.01959,-123.92278,157.47977,204.70232,-123.76885,64.26408,192.69211,-113.37286,131.80698,146.53764,-6.84431,120.45503,141.69304,6.59644,134.22588,142.19197,91.42956,122.59375,138.62654,97.87852,138.64934,137.96982,188.20735,129.01835,133.97777,196.44841,140.21245,135.77559,198.95202,131.36014,132.18082,208.18977,134.67886,145.1736,206.17202,125.33117,140.23808,215.17028
39.jpg,pushups_3,104.14389,173.84738,-196.61449,110.60032,165.92547,-202.31148,113.99195,165.98077,-202.2592,117.46775,165.99934,-202.14456,100.84118,164.05715,-202.99665,97.44643,162.66512,-202.92686,94.04687,161.37377,-202.91746,122.63445,162.8227,-180.08078,88.10523,155.75558,-184.53154,108.50536,177.22924,-183.12223,97.04101,174.65211,-184.35184,131.06715,163.83764,-134.59519,72.79436,157.58246,-133.72602,148.81075,170.84561,-81.92285,53.36062,167.88141,-83.69842,153.79875,196.9356,-94.78649,55.53667,196.2236,-102.69664,160.27237,202.3902,-109.39336,51.35249,201.80423,-120.32991,156.10688,203.73739,-119.0817,58.71461,203.05661,-131.85242,151.17883,201.8635,-99.83289,62.49959,200.58924,-109.72476,109.61806,179.80859,3.53898,85.12575,178.39569,-3.40416,105.1849,176.13206,111.70852,87.04685,177.3424,99.32392,103.28112,167.47309,218.03061,87.57431,166.37711,209.59418,102.79375,163.36152,230.27582,88.95457,161.00431,222.74862,101.03086,173.33399,235.82561,88.69517,172.97951,228.7494
40.jpg,pushups_3,103.82224,171.21898,-190.44362,111.11483,163.52185,-197.12332,114.69755,163.84852,-197.08424,118.35797,164.1387,-196.97782,100.96553,160.87638,-197.87773,97.44145,159.19431,-197.80817,93.9218,157.60652,-197.80769,123.81189,161.22708,-176.29629,87.85383,151.41249,-180.86797,107.84018,175.25005,-177.01166,96.19201,171.85814,-178.2758,132.62535,163.09262,-130.35876,71.33771,153.33834,-132.14208,150.91006,171.42061,-74.57527,52.39465,164.99938,-83.5437,155.79765,196.78446,-87.92921,55.23927,194.94257,-101.93722,162.28907,202.79136,-102.70288,50.97753,200.90827,-120.37429,158.23724,203.48416,-112.65309,58.61481,202.68204,-132.3161,153.08661,201.32745,-93.16903,62.62353,200.16973,-109.01999,110.8108,181.63019,4.27268,84.07939,178.99037,-4.09275,110.19868,181.13357,114.52101,85.60793,180.56687,99.90456,108.9588,174.19343,227.37671,87.81613,172.21721,213.1675,108.17017,170.35254,240.2823,89.63425,166.83537,226.4686,107.77717,182.08402,247.29105,90.03059,182.31917,232.57988
9.jpg,pushups_3,95.2365,190.78645,-159.83545,96.74982,186.22732,-162.07021,98.34186,185.68154,-161.97938,99.91125,185.11512,-162.00984,93.40303,186.66307,-157.63492,92.45395,186.40579,-157.54931,91.6028,186.1647,-157.5549,105.42864,180.58265,-148.02332,94.19956,182.13643,-128.74913,101.73632,189.62454,-152.12578,98.07592,190.41171,-146.49658,134.58074,168.96739,-130.01032,100.80411,176.61689,-98.25268,165.25779,172.28752,-149.4709,76.15754,180.032,-62.2876,159.79064,199.92297,-188.91725,59.22696,197.92669,-53.42422,162.20654,205.32132,-207.55564,52.8495,199.30476,-60.48592,154.04365,206.33587,-206.12249,54.94063,201.3388,-69.99683,151.65,205.39999,-189.52288,58.72201,201.20614,-57.43246,167.04063,153.85504,-18.18565,156.55417,157.02924,18.2172,178.61311,153.15642,85.71067,166.9229,159.0079,116.34967,187.57934,148.92763,205.10137,178.41747,156.80607,229.9435,190.03842,145.7702,217.95803,180.92466,154.74217,242.59113,186.62754,159.5505,216.42069,179.47223,165.45974,239.55686
